Cluster,ClusterRank,deltaG,deltaGelec,deltaGvdw,deltaGligsolvnonpol,deltaGligsolvpol,deltaGprotsolvnonpol,deltaGprotsolvpol,deltaGcompsolvnonpol,deltaGcompsolvpol,extraFull,surfFull,solvFull,IntraFull,InterFull,FullFitness,SimpleFitness,Energy
0,0,-9.15249,0,-84.6325,9.08057,-47.0799,223.528,-1783.67,224.015,-1771,0,224.015,-1771,-28.088,-84.6325,-1659.7054,4.41386,4.41386
0,1,-9.140003,0,-84.8738,9.06687,-47.4073,223.528,-1783.67,224.014,-1770.77,0,224.014,-1770.77,-27.9228,-84.8738,-1659.5526,4.58655,4.58655
1,0,-9.433285,0,-89.9828,8.56665,-46.3774,223.528,-1783.67,223.517,-1766.64,0,223.517,-1766.64,-25.5638,-89.9828,-1658.6697,1.40909,1.40909
1,1,-9.433285,0,-89.9828,8.56665,-46.3774,223.528,-1783.67,223.517,-1766.64,0,223.517,-1766.64,-25.5638,-89.9828,-1658.6697,1.40909,1.40909
1,2,-9.438662,0,-90.1696,8.55537,-46.3878,223.528,-1783.67,223.506,-1766.45,0,223.506,-1766.45,-25.4202,-90.1696,-1658.5338,1.47658,1.47658
1,3,-9.438662,0,-90.1696,8.55537,-46.3878,223.528,-1783.67,223.506,-1766.45,0,223.506,-1766.45,-25.4202,-90.1696,-1658.5338,1.47658,1.47658
1,4,-9.438662,0,-90.1696,8.55537,-46.3878,223.528,-1783.67,223.506,-1766.45,0,223.506,-1766.45,-25.4202,-90.1696,-1658.5338,1.47658,1.47658
1,5,-8.946398,0,-85.3842,8.44423,-46.4601,223.528,-1783.67,223.197,-1765.57,0,223.197,-1765.57,-24.6596,-85.3842,-1652.4167,4.93134,4.93134
1,6,-8.946398,0,-85.3842,8.44423,-46.4601,223.528,-1783.67,223.197,-1765.57,0,223.197,-1765.57,-24.6596,-85.3842,-1652.4167,4.93134,4.93134
1,7,-8.946398,0,-85.3842,8.44423,-46.4601,223.528,-1783.67,223.197,-1765.57,0,223.197,-1765.57,-24.6596,-85.3842,-1652.4167,4.93134,4.93134
2,0,-9.384562,0,-89.6704,9.00904,-48.2967,223.528,-1783.67,222.571,-1766.1,0,222.571,-1766.1,-22.8153,-89.6704,-1656.0146,7.88247,7.88247
2,1,-9.118859,0,-86.6726,9.00954,-46.467,223.528,-1783.67,222.641,-1764.67,0,222.641,-1764.67,-27.0006,-86.6726,-1655.7023,5.88076,5.88076
2,2,-9.044818,0,-85.149,8.75639,-49.6496,223.528,-1783.67,222.648,-1769.4,0,222.648,-1769.4,-23.5449,-85.149,-1655.4459,6.69645,6.69645
2,3,-9.044818,0,-85.149,8.75639,-49.6496,223.528,-1783.67,222.648,-1769.4,0,222.648,-1769.4,-23.5449,-85.149,-1655.4459,6.69645,6.69645
2,4,-9.066431,0,-85.1325,8.77002,-49.7723,223.528,-1783.67,222.706,-1769.97,0,222.706,-1769.97,-22.867,-85.1325,-1655.2634,6.75469,6.75469
2,5,-9.066431,0,-85.1325,8.77002,-49.7723,223.528,-1783.67,222.706,-1769.97,0,222.706,-1769.97,-22.867,-85.1325,-1655.2634,6.75469,6.75469
2,6,-9.066431,0,-85.1325,8.77002,-49.7723,223.528,-1783.67,222.706,-1769.97,0,222.706,-1769.97,-22.867,-85.1325,-1655.2634,6.75469,6.75469
2,7,-9.05583,0,-85.0874,8.75579,-49.6925,223.528,-1783.67,222.681,-1769.77,0,222.681,-1769.77,-23.0508,-85.0874,-1655.2272,6.80423,6.80423
2,8,-9.05583,0,-85.0874,8.75579,-49.6925,223.528,-1783.67,222.681,-1769.77,0,222.681,-1769.77,-23.0508,-85.0874,-1655.2272,6.80423,6.80423
2,9,-9.05583,0,-85.0874,8.75579,-49.6925,223.528,-1783.67,222.681,-1769.77,0,222.681,-1769.77,-23.0508,-85.0874,-1655.2272,6.80423,6.80423
3,0,-7.6722465,0,-50.0267,8.47571,-50.1523,223.528,-1783.67,223.276,-1803.17,0,223.276,-1803.17,-24.2124,-50.0267,-1654.1332,10.4052,10.4052
3,1,-7.5905256,0,-49.4346,8.50862,-50.1089,223.528,-1783.67,223.337,-1802.75,0,223.337,-1802.75,-25.0426,-49.4346,-1653.8901,10.6314,10.6314
3,2,-7.2789497,0,-47.2397,8.34304,-48.1167,223.528,-1783.67,223.437,-1799.47,0,223.437,-1799.47,-26.0227,-47.2397,-1649.2954,11.929,11.929
3,3,-7.275582,0,-47.061,8.3403,-48.0795,223.528,-1783.67,223.464,-1799.7,0,223.464,-1799.7,-25.8978,-47.061,-1649.1947,12.0181,12.0181
3,4,-7.2358847,0,-47.0094,8.34447,-47.4636,223.528,-1783.67,223.536,-1798.62,0,223.536,-1798.62,-25.514,-47.0094,-1647.6074,12.7014,12.7014
3,5,-7.1202784,0,-46.184,8.2257,-46.3065,223.528,-1783.67,223.178,-1796.48,0,223.178,-1796.48,-25.2776,-46.184,-1644.7635,15.3812,15.3812
3,6,-7.139159,0,-46.4198,8.22383,-46.2613,223.528,-1783.67,223.151,-1796.34,0,223.151,-1796.34,-25.1138,-46.4198,-1644.7225,15.4419,15.4419
3,7,-7.071522,0,-45.3729,8.23921,-46.2354,223.528,-1783.67,223.11,-1796.74,0,223.11,-1796.74,-25.5522,-45.3729,-1644.555,16.2515,16.2515
4,0,-8.889077,0,-88.2666,8.38575,-45.2876,223.528,-1783.67,223.465,-1759.51,0,223.465,-1759.51,-29.7022,-88.2666,-1654.0138,6.39759,6.39759
4,1,-8.891868,0,-88.7484,8.37862,-45.497,223.528,-1783.67,223.49,-1759.07,0,223.49,-1759.07,-29.2888,-88.7484,-1653.6172,6.48696,6.48696
4,2,-8.905946,0,-89.0874,8.37642,-45.3863,223.528,-1783.67,223.465,-1758.63,0,223.465,-1758.63,-29.1921,-89.0874,-1653.4446,6.61545,6.61545
4,3,-8.905946,0,-89.0874,8.37642,-45.3863,223.528,-1783.67,223.465,-1758.63,0,223.465,-1758.63,-29.1921,-89.0874,-1653.4446,6.61545,6.61545
4,4,-8.158967,0,-78.351,8.36929,-46.9456,223.528,-1783.67,223.691,-1764.94,0,223.691,-1764.94,-28.4854,-78.351,-1648.0853,10.8903,10.8903
4,5,-8.234037,0,-79.8974,8.43346,-46.6937,223.528,-1783.67,223.72,-1763.47,0,223.72,-1763.47,-27.3717,-79.8974,-1647.019,11.9026,11.9026
4,6,-8.234037,0,-79.8974,8.43346,-46.6937,223.528,-1783.67,223.72,-1763.47,0,223.72,-1763.47,-27.3717,-79.8974,-1647.019,11.9026,11.9026
4,7,-8.140908,0,-78.0074,8.41799,-47.216,223.528,-1783.67,223.742,-1765.45,0,223.742,-1765.45,-26.9982,-78.0074,-1646.7136,12.2451,12.2451
5,0,-8.651806,0,-87.8096,8.62116,-50.2353,223.528,-1783.67,223.961,-1761.69,0,223.961,-1761.69,-28.0499,-87.8096,-1653.5884,3.72346,3.72346
5,1,-8.7079525,0,-87.7725,8.7658,-50.3386,223.528,-1783.67,223.887,-1762.43,0,223.887,-1762.43,-25.6686,-87.7725,-1651.9841,5.35629,5.35629
5,2,-8.460153,0,-87.8538,8.60995,-50.4646,223.528,-1783.67,223.575,-1758.14,0,223.575,-1758.14,-28.0688,-87.8538,-1650.4877,3.84635,3.84635
5,3,-8.444305,0,-87.5207,8.6093,-50.4887,223.528,-1783.67,223.529,-1758.35,0,223.529,-1758.35,-27.9231,-87.5207,-1650.2648,3.88341,3.88341
5,4,-7.4083676,0,-63.0559,8.8091,-50.3572,223.528,-1783.67,223.866,-1779.32,0,223.866,-1779.32,-20.5715,-63.0559,-1639.0814,19.3191,19.3191
5,5,-7.314121,0,-60.7114,8.77838,-49.8029,223.528,-1783.67,224.366,-1781.67,0,224.366,-1781.67,-20.5777,-60.7114,-1638.5931,21.9906,21.9906
6,0,-7.580694,0,-55.0108,8.19009,-47.0026,223.528,-1783.67,222.932,-1790.73,0,222.932,-1790.73,-30.4941,-55.0108,-1653.3029,4.83906,4.83906
6,1,-7.580694,0,-55.0108,8.19009,-47.0026,223.528,-1783.67,222.932,-1790.73,0,222.932,-1790.73,-30.4941,-55.0108,-1653.3029,4.83906,4.83906
6,2,-7.556291,0,-54.6996,8.19149,-46.9456,223.528,-1783.67,222.93,-1790.75,0,222.93,-1790.75,-30.5712,-54.6996,-1653.0908,4.8486,4.8486
6,3,-7.556291,0,-54.6996,8.19149,-46.9456,223.528,-1783.67,222.93,-1790.75,0,222.93,-1790.75,-30.5712,-54.6996,-1653.0908,4.8486,4.8486
6,4,-7.636827,0,-57.0602,8.19018,-48.0724,223.528,-1783.67,222.965,-1789.6,0,222.965,-1789.6,-27.8564,-57.0602,-1651.5516,6.76201,6.76201
6,5,-7.636827,0,-57.0602,8.19018,-48.0724,223.528,-1783.67,222.965,-1789.6,0,222.965,-1789.6,-27.8564,-57.0602,-1651.5516,6.76201,6.76201
6,6,-7.636827,0,-57.0602,8.19018,-48.0724,223.528,-1783.67,222.965,-1789.6,0,222.965,-1789.6,-27.8564,-57.0602,-1651.5516,6.76201,6.76201
6,7,-7.636827,0,-57.0602,8.19018,-48.0724,223.528,-1783.67,222.965,-1789.6,0,222.965,-1789.6,-27.8564,-57.0602,-1651.5516,6.76201,6.76201
7,0,-7.500617,0,-47.1219,8.90238,-45.363,223.528,-1783.67,223.485,-1799.73,0,223.485,-1799.73,-29.7513,-47.1219,-1653.1182,6.46645,6.46645
7,1,-7.500617,0,-47.1219,8.90238,-45.363,223.528,-1783.67,223.485,-1799.73,0,223.485,-1799.73,-29.7513,-47.1219,-1653.1182,6.46645,6.46645
7,2,-7.492288,0,-46.9976,8.9017,-45.2545,223.528,-1783.67,223.473,-1799.66,0,223.473,-1799.66,-29.8411,-46.9976,-1653.0258,6.47562,6.47562
7,3,-7.492288,0,-46.9976,8.9017,-45.2545,223.528,-1783.67,223.473,-1799.66,0,223.473,-1799.66,-29.8411,-46.9976,-1653.0258,6.47562,6.47562
7,4,-7.492288,0,-46.9976,8.9017,-45.2545,223.528,-1783.67,223.473,-1799.66,0,223.473,-1799.66,-29.8411,-46.9976,-1653.0258,6.47562,6.47562
7,5,-7.492288,0,-46.9976,8.9017,-45.2545,223.528,-1783.67,223.473,-1799.66,0,223.473,-1799.66,-29.8411,-46.9976,-1653.0258,6.47562,6.47562
7,6,-7.492288,0,-46.9976,8.9017,-45.2545,223.528,-1783.67,223.473,-1799.66,0,223.473,-1799.66,-29.8411,-46.9976,-1653.0258,6.47562,6.47562
7,7,-7.4937477,0,-47.2474,8.891,-45.4199,223.528,-1783.67,223.525,-1799.56,0,223.525,-1799.56,-29.3654,-47.2474,-1652.6478,6.76446,6.76446
8,0,-8.741321,0,-84.3882,8.67297,-45.6246,223.528,-1783.67,222.531,-1761.54,0,222.531,-1761.54,-29.3759,-84.3882,-1652.7732,4.56447,4.56447
8,1,-8.742716,0,-84.3668,8.67973,-45.6723,223.528,-1783.67,222.516,-1761.61,0,222.516,-1761.61,-29.2351,-84.3668,-1652.6959,4.65669,4.65669
8,2,-8.693619,0,-83.3459,8.67248,-45.558,223.528,-1783.67,222.456,-1762.19,0,222.456,-1762.19,-28.9636,-83.3459,-1652.0435,5.15212,5.15212
8,3,-8.693619,0,-83.3459,8.67248,-45.558,223.528,-1783.67,222.456,-1762.19,0,222.456,-1762.19,-28.9636,-83.3459,-1652.0435,5.15212,5.15212
8,4,-8.693619,0,-83.3459,8.67248,-45.558,223.528,-1783.67,222.456,-1762.19,0,222.456,-1762.19,-28.9636,-83.3459,-1652.0435,5.15212,5.15212
8,5,-8.771328,0,-85.2162,8.6208,-49.6441,223.528,-1783.67,222.757,-1765.2,0,222.757,-1765.2,-23.1928,-85.2162,-1650.852,9.79786,9.79786
8,6,-8.675919,0,-84.8691,8.83231,-49.7664,223.528,-1783.67,222.05,-1762.88,0,222.05,-1762.88,-15.0147,-84.8691,-1640.7137,12.5008,12.5008
8,7,-8.678582,0,-84.8537,8.83476,-49.7306,223.528,-1783.67,222.045,-1762.9,0,222.045,-1762.9,-14.9249,-84.8537,-1640.6335,12.5063,12.5063
8,8,-8.225533,0,-77.7757,8.80762,-45.5261,223.528,-1783.67,222.022,-1762.24,0,222.022,-1762.24,-19.4774,-77.7757,-1637.4711,13.6823,13.6823
9,0,-7.8309994,0,-50.0587,8.57937,-49.6907,223.528,-1783.67,222.899,-1804.51,0,222.899,-1804.51,-21.0264,-50.0587,-1652.696,13.2351,13.2351
9,1,-7.8309994,0,-50.0587,8.57937,-49.6907,223.528,-1783.67,222.899,-1804.51,0,222.899,-1804.51,-21.0264,-50.0587,-1652.696,13.2351,13.2351
9,2,-7.8309994,0,-50.0587,8.57937,-49.6907,223.528,-1783.67,222.899,-1804.51,0,222.899,-1804.51,-21.0264,-50.0587,-1652.696,13.2351,13.2351
9,3,-7.817127,0,-49.8993,8.59828,-49.7017,223.528,-1783.67,222.911,-1804.53,0,222.911,-1804.53,-21.1578,-49.8993,-1652.6761,13.2626,13.2626
9,4,-7.817127,0,-49.8993,8.59828,-49.7017,223.528,-1783.67,222.911,-1804.53,0,222.911,-1804.53,-21.1578,-49.8993,-1652.6761,13.2626,13.2626
9,5,-7.827701,0,-50.1281,8.59605,-49.7392,223.528,-1783.67,222.898,-1804.37,0,222.898,-1804.37,-21.0337,-50.1281,-1652.6338,13.2829,13.2829
9,6,-7.827701,0,-50.1281,8.59605,-49.7392,223.528,-1783.67,222.898,-1804.37,0,222.898,-1804.37,-21.0337,-50.1281,-1652.6338,13.2829,13.2829
9,7,-7.827701,0,-50.1281,8.59605,-49.7392,223.528,-1783.67,222.898,-1804.37,0,222.898,-1804.37,-21.0337,-50.1281,-1652.6338,13.2829,13.2829
10,0,-8.964142,0,-87.9238,8.99373,-53.9478,223.528,-1783.67,222.846,-1768.03,0,222.846,-1768.03,-19.1611,-87.9238,-1652.269,6.95206,6.95206
10,1,-8.701691,0,-87.5218,8.96071,-49.2346,223.528,-1783.67,222.729,-1759.52,0,222.729,-1759.52,-25.5708,-87.5218,-1649.8837,6.05167,6.05167
10,2,-9.165964,0,-89.8926,9.32168,-49.2296,223.528,-1783.67,222.607,-1762.69,0,222.607,-1762.69,-18.5835,-89.8926,-1648.5591,8.04725,8.04725
10,3,-8.569976,0,-86.7106,9.08593,-49.0096,223.528,-1783.67,222.617,-1758.03,0,222.617,-1758.03,-25.6464,-86.7106,-1647.77,4.7208,4.7208
10,4,-8.909469,0,-87.6103,8.99052,-49.9662,223.528,-1783.67,223.27,-1764.3,0,223.27,-1764.3,-18.4618,-87.6103,-1647.1022,14.4488,14.4488
11,0,-8.12738,0,-75.4394,8.39437,-48.3919,223.528,-1783.67,222.26,-1768.12,0,222.26,-1768.12,-30.4976,-75.4394,-1651.797,7.76623,7.76623
11,1,-8.11574,0,-75.3344,8.37168,-48.37,223.528,-1783.67,222.276,-1768.13,0,222.276,-1768.13,-30.1449,-75.3344,-1651.3333,7.78827,7.78827
11,2,-8.595036,0,-79.5987,8.50657,-48.4582,223.528,-1783.67,222.315,-1769.31,0,222.315,-1769.31,-24.6456,-79.5987,-1651.2393,8.48758,8.48758
11,3,-8.59043,0,-79.4687,8.50733,-48.4291,223.528,-1783.67,222.305,-1769.39,0,222.305,-1769.39,-24.6489,-79.4687,-1651.2026,8.4893,8.4893
11,4,-8.836338,0,-82.3663,8.42569,-51.5389,223.528,-1783.67,222.554,-1772.55,0,222.554,-1772.55,-18.8288,-82.3663,-1651.1912,6.34525,6.34525
11,5,-8.836062,0,-84.3574,8.53683,-53.3161,223.528,-1783.67,222.319,-1770.71,0,222.319,-1770.71,-17.4831,-84.3574,-1650.2314,9.42281,9.42281
11,6,-8.578187,0,-80.291,8.64706,-50.8169,223.528,-1783.67,222.311,-1770.1,0,222.311,-1770.1,-21.9932,-80.291,-1650.0731,9.55196,9.55196
11,7,-8.568914,0,-80.2055,8.64299,-50.7551,223.528,-1783.67,222.34,-1770.07,0,222.34,-1770.07,-22.1258,-80.2055,-1650.0613,9.63822,9.63822
12,0,-7.7716017,0,-59.9738,8.1043,-46.7064,223.528,-1783.67,222.981,-1786.09,0,222.981,-1786.09,-28.1043,-59.9738,-1651.1871,5.46929,5.46929
12,1,-7.879419,0,-66.17,8.20492,-48.449,223.528,-1783.67,223.168,-1780.15,0,223.168,-1780.15,-26.9989,-66.17,-1650.151,5.7564,5.7564
12,2,-7.8957143,0,-66.4126,8.19859,-48.4893,223.528,-1783.67,223.083,-1779.96,0,223.083,-1779.96,-26.7565,-66.4126,-1650.046,5.81755,5.81755
12,3,-7.905628,0,-66.5242,8.20038,-48.5744,223.528,-1783.67,223.043,-1779.97,0,223.043,-1779.97,-26.5908,-66.5242,-1650.042,5.90723,5.90723
12,4,-7.905628,0,-66.5242,8.20038,-48.5744,223.528,-1783.67,223.043,-1779.97,0,223.043,-1779.97,-26.5908,-66.5242,-1650.042,5.90723,5.90723
12,5,-7.56827,0,-57.6624,8.14152,-46.6539,223.528,-1783.67,223.136,-1786.47,0,223.136,-1786.47,-28.2472,-57.6624,-1649.2435,5.18625,5.18625
12,6,-7.6875544,0,-61.65,8.14235,-51.9104,223.528,-1783.67,222.974,-1787.26,0,222.974,-1787.26,-19.2639,-61.65,-1645.2,9.19229,9.19229
12,7,-7.6875544,0,-61.65,8.14235,-51.9104,223.528,-1783.67,222.974,-1787.26,0,222.974,-1787.26,-19.2639,-61.65,-1645.2,9.19229,9.19229
13,0,-6.5976267,0,-31.4434,8.05711,-47.5072,223.528,-1783.67,222.695,-1811.44,0,222.695,-1811.44,-30.7495,-31.4434,-1650.9377,17.3487,17.3487
13,1,-6.666422,0,-32.3231,7.96949,-47.4919,223.528,-1783.67,222.524,-1811.06,0,222.524,-1811.06,-28.6329,-32.3231,-1649.4921,17.7123,17.7123
13,2,-6.666422,0,-32.3231,7.96949,-47.4919,223.528,-1783.67,222.524,-1811.06,0,222.524,-1811.06,-28.6329,-32.3231,-1649.4921,17.7123,17.7123
13,3,-6.443039,0,-31.4415,8.35003,-45.4228,223.528,-1783.67,223.685,-1807.91,0,223.685,-1807.91,-22.0612,-31.4415,-1637.7278,29.2712,29.2712
13,4,-6.4498563,0,-31.1723,8.35571,-45.6813,223.528,-1783.67,223.525,-1808.44,0,223.525,-1808.44,-21.2886,-31.1723,-1637.3759,28.9777,28.9777
13,5,-6.453942,0,-31.5376,8.37538,-45.2346,223.528,-1783.67,223.483,-1807.4,0,223.483,-1807.4,-21.6182,-31.5376,-1637.0728,28.1898,28.1898
14,0,-8.579839,0,-86.2678,8.29784,-46.0106,223.528,-1783.67,223.112,-1757.86,0,223.112,-1757.86,-29.8223,-86.2678,-1650.8381,8.22302,8.22302
14,1,-8.579839,0,-86.2678,8.29784,-46.0106,223.528,-1783.67,223.112,-1757.86,0,223.112,-1757.86,-29.8223,-86.2678,-1650.8381,8.22302,8.22302
14,2,-8.579839,0,-86.2678,8.29784,-46.0106,223.528,-1783.67,223.112,-1757.86,0,223.112,-1757.86,-29.8223,-86.2678,-1650.8381,8.22302,8.22302
14,3,-8.553914,0,-85.7726,8.29801,-45.9483,223.528,-1783.67,223.106,-1758.13,0,223.106,-1758.13,-29.9706,-85.7726,-1650.7672,8.22692,8.22692
14,4,-8.553914,0,-85.7726,8.29801,-45.9483,223.528,-1783.67,223.106,-1758.13,0,223.106,-1758.13,-29.9706,-85.7726,-1650.7672,8.22692,8.22692
14,5,-8.553914,0,-85.7726,8.29801,-45.9483,223.528,-1783.67,223.106,-1758.13,0,223.106,-1758.13,-29.9706,-85.7726,-1650.7672,8.22692,8.22692
14,6,-8.536762,0,-85.615,8.29397,-45.9084,223.528,-1783.67,223.145,-1758.12,0,223.145,-1758.12,-30.1386,-85.615,-1650.7285,8.41625,8.41625
14,7,-8.536762,0,-85.615,8.29397,-45.9084,223.528,-1783.67,223.145,-1758.12,0,223.145,-1758.12,-30.1386,-85.615,-1650.7285,8.41625,8.41625
15,0,-6.831538,0,-36.3055,8.7498,-46.8866,223.528,-1783.67,224.736,-1809.21,0,224.736,-1809.21,-29.9195,-36.3055,-1650.699,12.5229,12.5229
15,1,-6.831538,0,-36.3055,8.7498,-46.8866,223.528,-1783.67,224.736,-1809.21,0,224.736,-1809.21,-29.9195,-36.3055,-1650.699,12.5229,12.5229
15,2,-6.787857,0,-35.9948,8.77509,-47.2511,223.528,-1783.67,224.683,-1809.22,0,224.683,-1809.22,-29.8227,-35.9948,-1650.3545,12.6445,12.6445
15,3,-6.787857,0,-35.9948,8.77509,-47.2511,223.528,-1783.67,224.683,-1809.22,0,224.683,-1809.22,-29.8227,-35.9948,-1650.3545,12.6445,12.6445
15,4,-6.8129263,0,-37.136,8.82205,-48.7662,223.528,-1783.67,224.736,-1809.39,0,224.736,-1809.39,-27.9197,-37.136,-1649.7097,12.9758,12.9758
15,5,-6.8129263,0,-37.136,8.82205,-48.7662,223.528,-1783.67,224.736,-1809.39,0,224.736,-1809.39,-27.9197,-37.136,-1649.7097,12.9758,12.9758
15,6,-6.8129263,0,-37.136,8.82205,-48.7662,223.528,-1783.67,224.736,-1809.39,0,224.736,-1809.39,-27.9197,-37.136,-1649.7097,12.9758,12.9758
15,7,-6.8129263,0,-37.136,8.82205,-48.7662,223.528,-1783.67,224.736,-1809.39,0,224.736,-1809.39,-27.9197,-37.136,-1649.7097,12.9758,12.9758
16,0,-8.154685,0,-75.548,8.46873,-48.6042,223.528,-1783.67,223.492,-1770.4,0,223.492,-1770.4,-28.1751,-75.548,-1650.6311,4.2845,4.2845
16,1,-8.4293785,0,-79.519,8.32159,-48.055,223.528,-1783.67,222.432,-1766.79,0,222.432,-1766.79,-23.7182,-79.519,-1647.5952,7.32578,7.32578
16,2,-8.27135,0,-79.5762,8.35287,-46.6382,223.528,-1783.67,223.322,-1764.03,0,223.322,-1764.03,-25.7106,-79.5762,-1645.9949,11.4411,11.4411
16,3,-8.175772,0,-77.6276,8.3658,-46.029,223.528,-1783.67,222.849,-1764.12,0,222.849,-1764.12,-26.1392,-77.6276,-1645.0378,10.5321,10.5321
16,4,-8.031997,0,-74.634,8.17632,-47.8518,223.528,-1783.67,222.549,-1768.05,0,222.549,-1768.05,-23.3846,-74.634,-1643.5197,9.24356,9.24356
16,5,-7.89478,0,-72.8929,8.43005,-49.3592,223.528,-1783.67,222.572,-1769.65,0,222.572,-1769.65,-21.4503,-72.8929,-1641.4211,15.482,15.482
17,0,-6.96404,0,-40.7268,8.54798,-48.6756,223.528,-1783.67,223.758,-1805.13,0,223.758,-1805.13,-28.5179,-40.7268,-1650.6167,10.9809,10.9809
17,1,-6.96404,0,-40.7268,8.54798,-48.6756,223.528,-1783.67,223.758,-1805.13,0,223.758,-1805.13,-28.5179,-40.7268,-1650.6167,10.9809,10.9809
17,2,-6.96404,0,-40.7268,8.54798,-48.6756,223.528,-1783.67,223.758,-1805.13,0,223.758,-1805.13,-28.5179,-40.7268,-1650.6167,10.9809,10.9809
17,3,-6.901102,0,-40.5519,8.53791,-48.921,223.528,-1783.67,223.672,-1804.5,0,223.672,-1804.5,-28.1362,-40.5519,-1649.5161,11.0899,11.0899
17,4,-6.901102,0,-40.5519,8.53791,-48.921,223.528,-1783.67,223.672,-1804.5,0,223.672,-1804.5,-28.1362,-40.5519,-1649.5161,11.0899,11.0899
17,5,-6.901102,0,-40.5519,8.53791,-48.921,223.528,-1783.67,223.672,-1804.5,0,223.672,-1804.5,-28.1362,-40.5519,-1649.5161,11.0899,11.0899
17,6,-6.7535467,0,-39.8046,8.53678,-48.8062,223.528,-1783.67,223.419,-1802.74,0,223.419,-1802.74,-28.1489,-39.8046,-1647.2744,11.4179,11.4179
17,7,-6.7535467,0,-39.8046,8.53678,-48.8062,223.528,-1783.67,223.419,-1802.74,0,223.419,-1802.74,-28.1489,-39.8046,-1647.2744,11.4179,11.4179
18,0,-7.436057,0,-48.0742,8.45916,-46.6198,223.528,-1783.67,223.967,-1799.89,0,223.967,-1799.89,-26.6195,-48.0742,-1650.6167,12.1015,12.1015
18,1,-7.436057,0,-48.0742,8.45916,-46.6198,223.528,-1783.67,223.967,-1799.89,0,223.967,-1799.89,-26.6195,-48.0742,-1650.6167,12.1015,12.1015
18,2,-7.436057,0,-48.0742,8.45916,-46.6198,223.528,-1783.67,223.967,-1799.89,0,223.967,-1799.89,-26.6195,-48.0742,-1650.6167,12.1015,12.1015
18,3,-7.436057,0,-48.0742,8.45916,-46.6198,223.528,-1783.67,223.967,-1799.89,0,223.967,-1799.89,-26.6195,-48.0742,-1650.6167,12.1015,12.1015
18,4,-7.5734463,0,-50.5258,8.44844,-52.1481,223.528,-1783.67,223.928,-1803.83,0,223.928,-1803.83,-19.7242,-50.5258,-1650.152,12.7831,12.7831
18,5,-7.5734463,0,-50.5258,8.44844,-52.1481,223.528,-1783.67,223.928,-1803.83,0,223.928,-1803.83,-19.7242,-50.5258,-1650.152,12.7831,12.7831
18,6,-7.230218,0,-45.6722,8.56668,-44.5615,223.528,-1783.67,224.009,-1798.08,0,224.009,-1798.08,-28.9729,-45.6722,-1648.7161,12.8543,12.8543
18,7,-7.230218,0,-45.6722,8.56668,-44.5615,223.528,-1783.67,224.009,-1798.08,0,224.009,-1798.08,-28.9729,-45.6722,-1648.7161,12.8543,12.8543
19,0,-6.8137527,0,-37.562,8.71983,-52.0193,223.528,-1783.67,223.147,-1809.7,0,223.147,-1809.7,-26.4948,-37.562,-1650.6097,13.7326,13.7326
19,1,-6.8137527,0,-37.562,8.71983,-52.0193,223.528,-1783.67,223.147,-1809.7,0,223.147,-1809.7,-26.4948,-37.562,-1650.6097,13.7326,13.7326
19,2,-6.783949,0,-36.9954,8.74388,-51.7381,223.528,-1783.67,223.192,-1809.84,0,223.192,-1809.84,-26.5386,-36.9954,-1650.182,14.1096,14.1096
19,3,-6.783949,0,-36.9954,8.74388,-51.7381,223.528,-1783.67,223.192,-1809.84,0,223.192,-1809.84,-26.5386,-36.9954,-1650.182,14.1096,14.1096
19,4,-6.783949,0,-36.9954,8.74388,-51.7381,223.528,-1783.67,223.192,-1809.84,0,223.192,-1809.84,-26.5386,-36.9954,-1650.182,14.1096,14.1096
19,5,-6.825765,0,-38.1577,8.73988,-51.5951,223.528,-1783.67,223.535,-1809.12,0,223.535,-1809.12,-26.0106,-38.1577,-1649.7533,14.6628,14.6628
19,6,-6.825765,0,-38.1577,8.73988,-51.5951,223.528,-1783.67,223.535,-1809.12,0,223.535,-1809.12,-26.0106,-38.1577,-1649.7533,14.6628,14.6628
19,7,-6.825765,0,-38.1577,8.73988,-51.5951,223.528,-1783.67,223.535,-1809.12,0,223.535,-1809.12,-26.0106,-38.1577,-1649.7533,14.6628,14.6628
20,0,-8.416838,0,-74.4804,8.27156,-44.9874,223.528,-1783.67,221.88,-1770.53,0,221.88,-1770.53,-27.2866,-74.4804,-1650.417,9.23947,9.23947
20,1,-8.370203,0,-74.2199,8.269,-44.9072,223.528,-1783.67,221.793,-1769.96,0,221.793,-1769.96,-26.6213,-74.2199,-1649.0082,9.56142,9.56142
20,2,-8.355311,0,-74.0363,8.26197,-44.9076,223.528,-1783.67,221.766,-1769.97,0,221.766,-1769.97,-26.3502,-74.0363,-1648.5905,9.6596,9.6596
20,3,-8.410744,0,-77.5536,8.39164,-50.4766,223.528,-1783.67,222.117,-1771.35,0,222.117,-1771.35,-21.6007,-77.5536,-1648.3872,13.0028,13.0028
20,4,-8.4017935,0,-77.4686,8.3912,-50.4385,223.528,-1783.67,222.125,-1771.31,0,222.125,-1771.31,-21.6855,-77.4686,-1648.3391,13.0058,13.0058
20,5,-8.38395,0,-77.492,8.38026,-50.5013,223.528,-1783.67,222.156,-1771.11,0,222.156,-1771.11,-21.5982,-77.492,-1648.0442,13.0379,13.0379
20,6,-8.082151,0,-70.9442,8.13325,-45.5981,223.528,-1783.67,221.84,-1771.29,0,221.84,-1771.29,-26.3932,-70.9442,-1646.7875,11.5993,11.5993
20,7,-8.012112,0,-70.1443,8.15978,-45.5235,223.528,-1783.67,221.797,-1771.2,0,221.797,-1771.2,-26.6195,-70.1443,-1646.1667,11.0571,11.0571
21,0,-7.575014,0,-55.1596,8.26277,-46.692,223.528,-1783.67,222.664,-1789.57,0,222.664,-1789.57,-28.2239,-55.1596,-1650.2896,9.30449,9.30449
21,1,-7.526391,0,-54.6276,8.26298,-46.689,223.528,-1783.67,222.687,-1789.63,0,222.687,-1789.63,-28.5639,-54.6276,-1650.1345,9.32073,9.32073
21,2,-7.526391,0,-54.6276,8.26298,-46.689,223.528,-1783.67,222.687,-1789.63,0,222.687,-1789.63,-28.5639,-54.6276,-1650.1345,9.32073,9.32073
21,3,-7.5612617,0,-54.8203,8.25405,-46.8245,223.528,-1783.67,222.725,-1790.11,0,222.725,-1790.11,-26.9344,-54.8203,-1649.1398,10.6408,10.6408
21,4,-7.447917,0,-52.2281,8.49353,-47.5889,223.528,-1783.67,222.538,-1792.37,0,222.538,-1792.37,-26.4216,-52.2281,-1648.4817,10.8587,10.8587
21,5,-7.447917,0,-52.2281,8.49353,-47.5889,223.528,-1783.67,222.538,-1792.37,0,222.538,-1792.37,-26.4216,-52.2281,-1648.4817,10.8587,10.8587
21,6,-7.4442625,0,-52.2192,8.49313,-47.6527,223.528,-1783.67,222.539,-1792.39,0,222.539,-1792.39,-26.4113,-52.2192,-1648.4814,10.8431,10.8431
21,7,-7.44709,0,-52.3697,8.49421,-47.6502,223.528,-1783.67,222.52,-1792.17,0,222.52,-1792.17,-26.3568,-52.3697,-1648.3765,10.8753,10.8753
22,0,-8.785852,0,-80.8057,8.43423,-46.1079,223.528,-1783.67,222.856,-1769.16,0,222.856,-1769.16,-23.1048,-80.8057,-1650.2146,11.1065,11.1065
22,1,-8.769904,0,-80.7379,8.42287,-46.0498,223.528,-1783.67,222.873,-1768.99,0,222.873,-1768.99,-23.3573,-80.7379,-1650.2122,11.1166,11.1166
23,0,-8.40476,0,-81.0682,8.59725,-50.2563,223.528,-1783.67,222.666,-1766.13,0,222.666,-1766.13,-25.6742,-81.0682,-1650.2064,3.74219,3.74219
23,1,-8.322219,0,-80.1639,8.59208,-50.3086,223.528,-1783.67,222.634,-1766.19,0,222.634,-1766.19,-25.7924,-80.1639,-1649.5122,3.93198,3.93198
23,2,-8.322219,0,-80.1639,8.59208,-50.3086,223.528,-1783.67,222.634,-1766.19,0,222.634,-1766.19,-25.7924,-80.1639,-1649.5122,3.93198,3.93198
23,3,-8.322219,0,-80.1639,8.59208,-50.3086,223.528,-1783.67,222.634,-1766.19,0,222.634,-1766.19,-25.7924,-80.1639,-1649.5122,3.93198,3.93198
23,4,-8.322219,0,-80.1639,8.59208,-50.3086,223.528,-1783.67,222.634,-1766.19,0,222.634,-1766.19,-25.7924,-80.1639,-1649.5122,3.93198,3.93198
23,5,-8.307038,0,-78.2535,8.71091,-50.9325,223.528,-1783.67,222.993,-1769.89,0,222.993,-1769.89,-23.2656,-78.2535,-1648.4161,6.48304,6.48304
23,6,-8.307038,0,-78.2535,8.71091,-50.9325,223.528,-1783.67,222.993,-1769.89,0,222.993,-1769.89,-23.2656,-78.2535,-1648.4161,6.48304,6.48304
23,7,-8.307038,0,-78.2535,8.71091,-50.9325,223.528,-1783.67,222.993,-1769.89,0,222.993,-1769.89,-23.2656,-78.2535,-1648.4161,6.48304,6.48304
24,0,-8.199936,0,-67.2244,8.02496,-52.8037,223.528,-1783.67,220.923,-1784.92,0,220.923,-1784.92,-18.8558,-67.2244,-1650.0773,-3.17479,-3.17479
24,1,-7.986593,0,-62.2396,8.44921,-48.1426,223.528,-1783.67,220.488,-1783.15,0,220.488,-1783.15,-21.6814,-62.2396,-1646.583,2.61779,2.61779
24,2,-7.841541,0,-63.6601,8.47902,-46.8268,223.528,-1783.67,220.603,-1777.4,0,220.603,-1777.4,-22.9734,-63.6601,-1643.4305,3.04882,3.04882
24,3,-7.1981826,0,-49.9296,8.14976,-45.943,223.528,-1783.67,220.948,-1788.27,0,220.948,-1788.27,-24.6765,-49.9296,-1641.9281,0.293619,0.293619
24,4,-7.2336793,0,-49.8762,8.20542,-45.1125,223.528,-1783.67,220.543,-1787.39,0,220.543,-1787.39,-23.0896,-49.8762,-1639.8129,3.42366,3.42366
24,5,-7.2385507,0,-50.336,8.20948,-45.0714,223.528,-1783.67,220.542,-1786.71,0,220.542,-1786.71,-23.0611,-50.336,-1639.5651,3.41665,3.41665
24,6,-7.438107,0,-58.4036,8.28572,-47.3133,223.528,-1783.67,220.384,-1779.38,0,220.384,-1779.38,-12.4554,-58.4036,-1629.855,11.846,11.846
24,7,-6.7452602,0,-49.7734,8.22366,-49.8024,223.528,-1783.67,220.666,-1784.42,0,220.666,-1784.42,-13.839,-49.7734,-1627.3665,6.40185,6.40185
25,0,-7.7077103,0,-47.4004,8.39663,-50.5413,223.528,-1783.67,223.224,-1808.24,0,223.224,-1808.24,-17.5365,-47.4004,-1649.9529,17.2058,17.2058
25,1,-7.7077103,0,-47.4004,8.39663,-50.5413,223.528,-1783.67,223.224,-1808.24,0,223.224,-1808.24,-17.5365,-47.4004,-1649.9529,17.2058,17.2058
25,2,-7.7077103,0,-47.4004,8.39663,-50.5413,223.528,-1783.67,223.224,-1808.24,0,223.224,-1808.24,-17.5365,-47.4004,-1649.9529,17.2058,17.2058
25,3,-7.7077103,0,-47.4004,8.39663,-50.5413,223.528,-1783.67,223.224,-1808.24,0,223.224,-1808.24,-17.5365,-47.4004,-1649.9529,17.2058,17.2058
25,4,-7.6724205,0,-46.9668,8.39435,-50.1143,223.528,-1783.67,223.211,-1807.89,0,223.211,-1807.89,-18.2744,-46.9668,-1649.9202,17.0794,17.0794
25,5,-7.6724205,0,-46.9668,8.39435,-50.1143,223.528,-1783.67,223.211,-1807.89,0,223.211,-1807.89,-18.2744,-46.9668,-1649.9202,17.0794,17.0794
25,6,-7.7171764,0,-47.7487,8.38688,-50.6802,223.528,-1783.67,223.295,-1808.12,0,223.295,-1808.12,-16.7197,-47.7487,-1649.2933,17.6234,17.6234
25,7,-7.7171764,0,-47.7487,8.38688,-50.6802,223.528,-1783.67,223.295,-1808.12,0,223.295,-1808.12,-16.7197,-47.7487,-1649.2933,17.6234,17.6234
26,0,-6.516271,0,-29.0381,8.77022,-46.8832,223.528,-1783.67,223.748,-1813.73,0,223.748,-1813.73,-30.8545,-29.0381,-1649.8745,16.3803,16.3803
26,1,-6.516271,0,-29.0381,8.77022,-46.8832,223.528,-1783.67,223.748,-1813.73,0,223.748,-1813.73,-30.8545,-29.0381,-1649.8745,16.3803,16.3803
26,2,-6.5238323,0,-29.1042,8.76959,-46.8071,223.528,-1783.67,223.744,-1813.67,0,223.744,-1813.67,-30.7999,-29.1042,-1649.8301,16.3606,16.3606
26,3,-6.5238323,0,-29.1042,8.76959,-46.8071,223.528,-1783.67,223.744,-1813.67,0,223.744,-1813.67,-30.7999,-29.1042,-1649.8301,16.3606,16.3606
26,4,-6.5249076,0,-29.5007,8.76575,-46.7751,223.528,-1783.67,223.719,-1813.01,0,223.719,-1813.01,-30.7075,-29.5007,-1649.4993,16.4864,16.4864
26,5,-6.5249076,0,-29.5007,8.76575,-46.7751,223.528,-1783.67,223.719,-1813.01,0,223.719,-1813.01,-30.7075,-29.5007,-1649.4993,16.4864,16.4864
26,6,-6.5249076,0,-29.5007,8.76575,-46.7751,223.528,-1783.67,223.719,-1813.01,0,223.719,-1813.01,-30.7075,-29.5007,-1649.4993,16.4864,16.4864
26,7,-6.5249076,0,-29.5007,8.76575,-46.7751,223.528,-1783.67,223.719,-1813.01,0,223.719,-1813.01,-30.7075,-29.5007,-1649.4993,16.4864,16.4864
27,0,-8.901117,0,-87.6551,8.06769,-48.2421,223.528,-1783.67,222.554,-1762.69,0,222.554,-1762.69,-21.8144,-87.6551,-1649.6055,5.93963,5.93963
27,1,-8.51527,0,-81.3642,8.65584,-45.3002,223.528,-1783.67,222.458,-1762.11,0,222.458,-1762.11,-27.1365,-81.3642,-1648.1527,8.98835,8.98835
27,2,-8.339541,0,-80.6274,8.29541,-48.0286,223.528,-1783.67,222.249,-1763.34,0,222.249,-1763.34,-22.4086,-80.6274,-1644.127,10.6013,10.6013
27,3,-8.529767,0,-83.8265,8.25447,-47.7611,223.528,-1783.67,221.758,-1760.54,0,221.758,-1760.54,-20.8923,-83.8265,-1643.5007,12.91,12.91
27,4,-8.539874,0,-83.282,8.30001,-48.9318,223.528,-1783.67,221.721,-1762.59,0,221.721,-1762.59,-16.614,-83.282,-1640.765,14.7589,14.7589
27,5,-7.1689906,0,-63.2269,8.66104,-45.4242,223.528,-1783.67,222.061,-1767.65,0,222.061,-1767.65,-14.2754,-63.2269,-1623.0913,27.5135,27.5135
27,6,-7.308828,0,-64.4688,8.87937,-47.1065,223.528,-1783.67,221.841,-1769.02,0,221.841,-1769.02,-10.4917,-64.4688,-1622.1394,31.7401,31.7401
27,7,-7.319891,0,-64.4233,8.43992,-43.7768,223.528,-1783.67,222.054,-1766.95,0,222.054,-1766.95,-12.5563,-64.4233,-1621.8756,30.2373,30.2373
28,0,-8.362231,0,-72.9198,8.66765,-46.4074,223.528,-1783.67,222.082,-1773.17,0,222.082,-1773.17,-25.0178,-72.9198,-1649.0256,9.89879,9.89879
28,1,-8.348086,0,-75.3012,8.84019,-45.8892,223.528,-1783.67,222.727,-1769.47,0,222.727,-1769.47,-26.5282,-75.3012,-1648.5723,5.72842,5.72842
28,2,-8.059524,0,-65.6314,8.65524,-45.7096,223.528,-1783.67,222.23,-1779.04,0,222.23,-1779.04,-24.2877,-65.6314,-1646.7291,8.85386,8.85386
28,3,-8.166001,0,-74.0568,8.70387,-48.7695,223.528,-1783.67,222.611,-1771.33,0,222.611,-1771.33,-23.3438,-74.0568,-1646.1196,8.12935,8.12935
28,4,-7.5838137,0,-61.4717,8.78017,-49.0699,223.528,-1783.67,222.842,-1781.81,0,222.842,-1781.81,-25.3795,-61.4717,-1645.8192,10.1856,10.1856
28,5,-7.8446836,0,-61.7394,8.79797,-45.3081,223.528,-1783.67,222.273,-1780.99,0,222.273,-1780.99,-25.0864,-61.7394,-1645.5428,11.5212,11.5212
28,6,-7.7726274,0,-60.4711,8.63923,-45.0333,223.528,-1783.67,222.083,-1781.45,0,222.083,-1781.45,-23.9644,-60.4711,-1643.8025,12.2782,12.2782
29,0,-6.782647,0,-43.0223,8.29762,-50.3875,223.528,-1783.67,223.993,-1801.08,0,223.993,-1801.08,-28.9104,-43.0223,-1649.0197,14.0984,14.0984
29,1,-6.782647,0,-43.0223,8.29762,-50.3875,223.528,-1783.67,223.993,-1801.08,0,223.993,-1801.08,-28.9104,-43.0223,-1649.0197,14.0984,14.0984
29,2,-6.782647,0,-43.0223,8.29762,-50.3875,223.528,-1783.67,223.993,-1801.08,0,223.993,-1801.08,-28.9104,-43.0223,-1649.0197,14.0984,14.0984
29,3,-6.782647,0,-43.0223,8.29762,-50.3875,223.528,-1783.67,223.993,-1801.08,0,223.993,-1801.08,-28.9104,-43.0223,-1649.0197,14.0984,14.0984
29,4,-6.9040093,0,-45.9262,8.4275,-49.6898,223.528,-1783.67,223.834,-1797.43,0,223.834,-1797.43,-26.5019,-45.9262,-1646.0242,13.6983,13.6983
29,5,-6.9040093,0,-45.9262,8.4275,-49.6898,223.528,-1783.67,223.834,-1797.43,0,223.834,-1797.43,-26.5019,-45.9262,-1646.0242,13.6983,13.6983
29,6,-6.9473557,0,-47.2366,8.43096,-49.3118,223.528,-1783.67,223.705,-1795.53,0,223.705,-1795.53,-26.8473,-47.2366,-1645.9089,13.087,13.087
29,7,-6.9473557,0,-47.2366,8.43096,-49.3118,223.528,-1783.67,223.705,-1795.53,0,223.705,-1795.53,-26.8473,-47.2366,-1645.9089,13.087,13.087
30,0,-8.823492,0,-82.0716,8.95398,-46.3723,223.528,-1783.67,222.423,-1766.61,0,222.423,-1766.61,-22.7141,-82.0716,-1648.9728,11.0369,11.0369
31,0,-7.5106874,0,-54.3386,8.44805,-46.5194,223.528,-1783.67,223.027,-1789.89,0,223.027,-1789.89,-27.662,-54.3386,-1648.8636,10.909,10.909
32,0,-7.566157,0,-58.7674,8.4858,-50.1467,223.528,-1783.67,223.519,-1788.28,0,223.519,-1788.28,-25.3231,-58.7674,-1648.8514,7.4014,7.4014
33,0,-8.110586,0,-77.9887,8.41817,-48.6544,223.528,-1783.67,223.327,-1765.78,0,223.327,-1765.78,-28.1904,-77.9887,-1648.6321,4.99126,4.99126
33,1,-8.098524,0,-76.7625,8.34791,-48.8806,223.528,-1783.67,223.325,-1767.81,0,223.325,-1767.81,-27.2636,-76.7625,-1648.5112,5.24973,5.24973
34,0,-6.950824,0,-41.2587,8.47927,-47.2602,223.528,-1783.67,223.698,-1802.69,0,223.698,-1802.69,-28.0636,-41.2587,-1648.3142,16.7555,16.7555
34,1,-6.94166,0,-41.2313,8.45546,-47.0916,223.528,-1783.67,223.691,-1802.44,0,223.691,-1802.44,-28.2865,-41.2313,-1648.2667,16.7408,16.7408
34,2,-6.94166,0,-41.2313,8.45546,-47.0916,223.528,-1783.67,223.691,-1802.44,0,223.691,-1802.44,-28.2865,-41.2313,-1648.2667,16.7408,16.7408
34,3,-6.94166,0,-41.2313,8.45546,-47.0916,223.528,-1783.67,223.691,-1802.44,0,223.691,-1802.44,-28.2865,-41.2313,-1648.2667,16.7408,16.7408
34,4,-6.94166,0,-41.2313,8.45546,-47.0916,223.528,-1783.67,223.691,-1802.44,0,223.691,-1802.44,-28.2865,-41.2313,-1648.2667,16.7408,16.7408
34,5,-6.94166,0,-41.2313,8.45546,-47.0916,223.528,-1783.67,223.691,-1802.44,0,223.691,-1802.44,-28.2865,-41.2313,-1648.2667,16.7408,16.7408
34,6,-6.9435024,0,-41.3669,8.4362,-46.9567,223.528,-1783.67,223.707,-1802.18,0,223.707,-1802.18,-28.365,-41.3669,-1648.205,16.8115,16.8115
34,7,-6.9435024,0,-41.3669,8.4362,-46.9567,223.528,-1783.67,223.707,-1802.18,0,223.707,-1802.18,-28.365,-41.3669,-1648.205,16.8115,16.8115
35,0,-7.320985,0,-49.3693,8.12365,-45.0317,223.528,-1783.67,222.603,-1792.83,0,222.603,-1792.83,-28.71,-49.3693,-1648.3063,12.3182,12.3182
36,0,-7.4786572,0,-44.9025,8.68748,-44.1211,223.528,-1783.67,222.785,-1800.81,0,222.785,-1800.81,-25.0276,-44.9025,-1647.9551,16.5401,16.5401
36,1,-7.4816504,0,-45.0113,8.70025,-44.167,223.528,-1783.67,222.774,-1800.7,0,222.774,-1800.7,-24.9956,-45.0113,-1647.9327,16.5058,16.5058
37,0,-7.5418835,0,-63.2279,8.51819,-52.6476,223.528,-1783.67,223.5,-1783.41,0,223.5,-1783.41,-24.7067,-63.2279,-1647.8446,8.54352,8.54352
37,1,-7.7902446,0,-68.06,8.69465,-52.6139,223.528,-1783.67,223.673,-1779.96,0,223.673,-1779.96,-21.5732,-68.06,-1645.9202,9.74034,9.74034
37,2,-7.552805,0,-56.8069,8.367,-45.7764,223.528,-1783.67,223.276,-1786.53,0,223.276,-1786.53,-23.9173,-56.8069,-1643.9783,15.4243,15.4243
37,3,-7.5304747,0,-60.5917,8.44082,-50.6674,223.528,-1783.67,223.042,-1784.73,0,223.042,-1784.73,-19.3151,-60.5917,-1641.5947,15.1037,15.1037
37,4,-7.001812,0,-54.1067,8.59562,-46.4438,223.528,-1783.67,223.15,-1781.82,0,223.15,-1781.82,-27.0494,-54.1067,-1639.826,13.8278,13.8278
37,5,-7.2764754,0,-63.2114,8.59645,-52.488,223.528,-1783.67,223.844,-1779.35,0,223.844,-1779.35,-13.3147,-63.2114,-1632.0321,19.5612,19.5612
38,0,-6.8832927,0,-41.2573,8.22833,-46.5327,223.528,-1783.67,222.45,-1799.32,0,222.45,-1799.32,-27.4003,-41.2573,-1645.5276,15.8502,15.8502
38,1,-7.1494055,0,-45.6032,8.25872,-47.263,223.528,-1783.67,222.564,-1797.81,0,222.564,-1797.81,-23.1155,-45.6032,-1643.9648,14.8102,14.8102
38,2,-7.3642898,0,-48.3616,8.28786,-49.951,223.528,-1783.67,222.622,-1799.79,0,222.622,-1799.79,-18.3315,-48.3616,-1643.8612,15.1723,15.1723
38,3,-7.022342,0,-44.0113,8.79668,-47.801,223.528,-1783.67,222.958,-1798.51,0,222.958,-1798.51,-22.6462,-44.0113,-1642.2095,15.4049,15.4049
38,4,-7.018687,0,-44.0002,8.79518,-47.8174,223.528,-1783.67,222.954,-1798.48,0,222.954,-1798.48,-22.6665,-44.0002,-1642.1927,15.3977,15.3977
38,5,-6.2592745,0,-34.8224,8.79308,-48.1762,223.528,-1783.67,223.077,-1800.81,0,223.077,-1800.81,-23.4697,-34.8224,-1636.0251,17.7646,17.7646
39,0,-8.321436,0,-76.1088,9.08897,-50.1071,223.528,-1783.67,223.219,-1772.38,0,223.219,-1772.38,-18.4943,-76.1088,-1643.7642,13.9515,13.9515
40,0,-8.258217,0,-76.5522,8.59475,-47.7786,223.528,-1783.67,223.415,-1769.4,0,223.415,-1769.4,-19.7573,-76.5522,-1642.2944,16.1204,16.1204
40,1,-8.114128,0,-73.4965,8.41545,-48.9039,223.528,-1783.67,223.841,-1773.83,0,223.841,-1773.83,-18.7563,-73.4965,-1642.2417,18.5356,18.5356
41,0,-7.61437,0,-65.2472,8.35292,-47.2054,223.528,-1783.67,223.263,-1775.92,0,223.263,-1775.92,-22.9749,-65.2472,-1640.8792,19.4018,19.4018
42,0,-8.507042,0,-83.3261,8.59374,-51.5869,223.528,-1783.67,223.263,-1766.57,0,223.263,-1766.57,-14.1302,-83.3261,-1640.7632,15.1946,15.1946
42,1,-8.39092,0,-81.453,8.65967,-51.139,223.528,-1783.67,223.316,-1767.1,0,223.316,-1767.1,-14.6256,-81.453,-1639.8625,16.0833,16.0833
43,0,-6.0845094,0,-38.802,8.31097,-48.6671,223.528,-1783.67,222.573,-1792.26,0,222.573,-1792.26,-29.9971,-38.802,-1638.4861,16.6117,16.6117
